repo	sha	date	subject	category	applies_to_gts4lv	reason
android_device_samsung_sm7125-common	e1549c202db5	2026-01-26	sm7125-common: Bump kernel BPF version override to 5.10.239	kernel-flag	no	Our product.prop:7 already sets ro.bpf.kver_override=5.15.178 @1188e2b; Connectivity lists 5.15 as supported (KernelUtils.h:105 @ab21b78a). Keep ours, higher.
android_device_samsung_sm7125-common	e31a70bd3bbc	2026-07-27	sm7125-common: Fix Samsung RIL UICC enablement indication	blob	no	Two sig_replace rules on sm7125's libsec-ril.so; "grep -n libsec-ril proprietary-files.txt" finds nothing in our tree @1188e2b.
android_device_samsung_sm7125-common	8b8c291b4103	2026-06-23	sm7125-common: Update included soong namespaces	build-flag	no	Our PRODUCT_SOONG_NAMESPACES (gts4lv.mk:268-270) lists only $(LOCAL_PATH) and hardware/samsung; no hardware/google/pixel @1188e2b.
android_device_samsung_sm7125-common	6edc6f2518c5	2026-04-29	sm7125-common: Set FCM level to 7	vintf	yes	Our manifest.xml:1 is target-level="5" @1188e2b; level 5 and 6 do not exist in 24.0 matrices. Also drops <kernel target-level>, which we never had.
android_device_samsung_sm7125-common	429c604442ac	2026-07-01	sm7125-common: Use legacy libion implementation	build-flag	yes	Our BoardConfigCommon.mk:106 sets TARGET_USES_ION := true @1188e2b and our camera/display blobs are ION, same situation sm7125 cites.
android_device_samsung_sm7125-common	397466141c1f	2026-06-27	sm7125-common: sepolicy: Grant tee access to vendor gatekeeper data	sepolicy	no	Rule targets gatekeeper_vendor_data_file for the teegris AIDL gatekeeper; our gatekeeper is the mdfpp blob (vendor.prop:126 ro.hardware.gatekeeper=mdfpp) @1188e2b and sepolicy/vendor/tee.te has no such type.
android_device_samsung_sm7125-common	1d2a05927c04	2026-08-17	sm7125-common: Disable PRODUCT_OTA_ENFORCE_VINTF_KERNEL_REQUIREMENTS	build-flag	unsure	Conditional: sm7125 added it "until we fix kernel". Our kernel is 5.15.178 with CONFIG_HIDRAW=y (gts4lv_defconfig:464), so the L7 build decides, per TASKS-L24.md L6 step 5.
android_device_samsung_sm7125-common	f8dec0a8aa81	2026-08-24	sm7125-common: address fsck denials	sepolicy	no	Labels /devices/platform/soc/1d84000.ufshc/host0 (Qualcomm UFS); our board is sdm710 eMMC (BoardConfigCommon.mk:20) with no such node @1188e2b.
android_device_samsung_sm7125-common	d823e087c826	2026-08-24	sm7125-common: address USB HAL denials	sepolicy	unsure	Our sepolicy/vendor/hal_usb_qti.te:1 allows sysfs_batteryinfo only @1188e2b; the same shape of denial may appear on sysfs_battery:file. Confirm from the 24 boot log before adding.
android_device_samsung_sm7125-common	f4112908026f	2026-08-07	sm7125-common: overlay: Fix SIM Toolkit SMS sending (Mobile-ID)	overlay	no	Samsung-RIL specific (config_stk_sms_send_support); our LTE modem is Qualcomm with libsec-ril @1.4 at most (LEAD-SYNTHESIS M3), and gts4lvwifi has no telephony @1188e2b.
android_device_samsung_sm7125-common	3240702a8493	2023-02-27	sm7125-common: audio: Remove direct flag for VOIP RX	other	unsure	Our audio/configs/audio_policy_configuration.xml:148 still has flags="AUDIO_OUTPUT_FLAG_DIRECT|AUDIO_OUTPUT_FLAG_VOIP_RX" @1188e2b; sm7125 dropped DIRECT. Same tree family, but audio routing on sdm710 may depend on it.
android_device_samsung_sm7125-common	c97e505947df	2025-03-03	sm7125-common: Remove deprecated networkAttributes	overlay	no	"grep -n networkAttributes overlay/frameworks/base/core/res/res/values/config.xml" finds nothing in our tree @1188e2b; nothing to remove.
android_device_samsung_sm7125-common	d28882f6bdf2	2024-03-21	sm7125-common: Remove DEXPREOPT_GENERATE_APEX_IMAGE	build-flag	no	Not set anywhere in our device tree @1188e2b (grep -rn DEXPREOPT returns nothing).
android_device_samsung_sm7125-common	01846c5bf907	2023-06-04	sm7125-common: Drop unnecessary BOARD_USERDATAIMAGE_FILE_SYSTEM_TYPE flag	build-flag	no	Not set in our BoardConfigCommon.mk @1188e2b (grep -rn USERDATAIMAGE returns nothing).
android_device_samsung_sm7125-common	89f7756a0314	2021-06-07	sm7125-common: Remove USE_XML_AUDIO_POLICY_CONF	build-flag	no	Not set in our tree @1188e2b (grep -rn USE_CUSTOM_AUDIO_POLICY and USE_XML_AUDIO_POLICY_CONF both return nothing).
android_device_samsung_sm7125-common	f68d84cb9e73	2022-05-28	sm7125-common: Remove TARGET_ENABLE_MEDIADRM_64	build-flag	no	Not set in our tree @1188e2b (grep -rn MEDIADRM returns nothing).
android_device_samsung_sm7125-common	a8574ea71759	2020-06-25	sm7125-common: Kill deprecated TARGET_USES_MKE2FS	build-flag	no	Not set in our tree @1188e2b (grep -rn MKE2FS returns nothing).
android_device_samsung_sm7125-common	cfd2ef50d296	2020-07-13	sm7125-common: Kill deprecated/unneeded board flags	build-flag	no	Removes TARGET_LINUX_KERNEL_VERSION := 4.14 and the arm64 arch pair; our BoardConfigCommon.mk:102-103 sets TARGET_KERNEL_ARCH/TARGET_KERNEL_SOURCE and no TARGET_LINUX_KERNEL_VERSION @1188e2b.
android_device_samsung_sm7125-common	509aa2f60380	2024-05-02	sm7125-common: Remove unused persist.bluetooth.a2dp_offload.cap property	other	no	Our vendor.prop:25 has vendor.audio.feature.a2dp_offload.enable=false and no persist.bluetooth.a2dp_offload.cap @1188e2b.
android_device_samsung_sm7125-common	9aecd727df5e	2025-07-13	sm7125-common: Remove obsolete SurfaceFlinger properties	other	unsure	Our vendor.prop:134 sets debug.sf.hw=0, which sm7125 removed as obsolete. Confirm from the 24 boot log whether SF still reads it before dropping.
android_device_samsung_sm7125-common	23e4d0d91000	2025-10-29	sm7125-common: Remove debug.mdpcomp.logs	other	no	Not present in our vendor.prop or system.prop @1188e2b (grep -rn mdpcomp returns nothing).
android_device_samsung_sm7125-common	e4eecb23be1d	2017-07-26	sm7125-common: Disable SF Latch Buffer Signaled property	other	no	Our vendor.prop:110 already sets debug.sf.latch_unsignaled=1 @1188e2b, so this 23.2-era addition is a no-op for us.
android_device_samsung_sm7125-common	71dfa673b6f6	2023-01-27	sm7125-common: Set debug.sf.auto_latch_unsignaled to 0	other	no	Our vendor.prop:100 already sets debug.sf.auto_latch_unsignaled=0 @1188e2b.
android_device_samsung_sm7125-common	90c098eab612	2025-01-03	sm7125-common: Use 6GB dalvik-heap config	build-flag	no	Our vendor.prop:91-96 sets dalvik.vm.heap* explicitly for our RAM sizes @1188e2b; inheriting a 6 GB phone heap config would override them.
android_device_samsung_sm7125-common	22256a85c000	2024-05-06	sm7125-common: Prefer 'cache' backing storage	other	no	Already present: our system.prop:5 sets fs_mgr.overlayfs.prefer_cache_backing_storage=true @1188e2b.
android_device_samsung_sm7125-common	8e925a5b0ca3	2021-01-04	sm7125-common: Move some properties to system.prop	other	unsure	Our system.prop:5 already has fs_mgr.overlayfs.prefer_cache_backing_storage=true @1188e2b, but ro.security.keystore.keytype=sakv2,gak is absent (grep -rn keystore.keytype returns nothing) while we use mdfpp keystore. Decide with L2/L3.
android_device_samsung_sm7125-common	8bc6ee355ce7	2024-04-29	Revert "sm7125-common: Ship full recovery image"	build-flag	no	We never set BOARD_USES_FULL_RECOVERY_IMAGE (grep -rn returns nothing) @1188e2b.
android_device_samsung_sm7125-common	9c5507b7474a	2024-07-06	sm7125-common: Remove unneeded kernel flags	build-flag	no	Removes ramdisk/tags/kernel-offset flags for their layout; our BoardConfigCommon.mk:94-100 passes kernel_offset, ramdisk_offset and tags_offset on the sdm710 layout @1188e2b.
android_device_samsung_sm7125-common	1c75d13fdad6	2024-12-30	sm7125-common: Remove no longer needed local FCM	vintf	unsure	We do have a local framework_compatibility_matrix.xml (com.qualcomm.qti.ant) included at BoardConfigCommon.mk:79-82 @1188e2b, like sm7125 did. L2 decides whether it is still needed at level 7.
android_device_samsung_sm7125-common	5fbe9c467542	2025-08-30	sm7125-common: Cleanup more flags	build-flag	yes	Removes TARGET_USES_ION := true and TARGET_DISABLED_UBWC; our BoardConfigCommon.mk:106 sets TARGET_USES_ION := true @1188e2b. Goes together with the legacy-libion commit 429c604442ac.
android_device_samsung_sm7125-common	2f50dc508132	2025-01-13	sm7125-common: Migrate mount point creation out of Android.mk	build-flag	no	Deletes their Android.mk; our device tree has no Android.mk (ls Android.mk: no such file) @1188e2b.
android_device_samsung_sm7125-common	94e4518d4b3e	2020-02-01	sm7125-common: Unset BUILD_BROKEN_DUP_RULES	build-flag	no	We never set it: grep -rn BUILD_BROKEN over our tree @1188e2b returns nothing. L6 must not add it.
android_device_samsung_sm7125-common	f9c51439be88	2025-02-27	sm7125-common: disable brightness slider gamma conversion	other	no	sys.brightness.disable_gamma_conversion is absent from our system.prop and vendor.prop @1188e2b.
android_device_samsung_sm7125-common	7a83549c78b2	2026-08-03	sm7125-common: get rid of screen brightness overlays in favor of displayconfig	overlay	no	Their replacement is a Samsung displayconfig blob; our proprietary-files.txt @1188e2b has no such blob, and our overlay config.xml:170/436 arrays have to stay.
android_device_samsung_sm7125-common	4c082bae588f	2026-08-22	sm7125-common: Setup SoundBooster	hal	no	Adds lib_SoundBooster_ver1050.so blobs and libsamsungSoundbooster_plus; grep -in soundbooster over our proprietary-files.txt @1188e2b finds nothing.
android_device_samsung_sm7125-common	8d933e571c33	2026-09-26	sm7125-common: build SamsungDAP	hal	no	Already in that state: our gts4lv.mk:68 builds SamsungDAP and audio/configs/audio_effects.xml:34 loads libswdap.so @1188e2b.
android_device_samsung_sm7125-common	3a84cbec111d	2026-09-26	sm7125-common: disable AudioFX	build-flag	no	They disable AudioFX to make room for SoundBooster; we ship neither SoundBooster nor that conflict, and our audio_effects.xml lists the Samsung effects @1188e2b.
android_device_samsung_sm7125-common	701badb703b8	2026-09-26	sm7125-common: get rid of MODULE_SUFFIX for libsecril-client	blob	no	No libsecril-client in our proprietary-files.txt; our three MODULE_SUFFIX entries (lines 15, 417, 418, 766) are ant, libmmosal and wifidisplaysession @1188e2b.
android_device_samsung_sm7125-common	f80b6294dfd0	2026-09-15	sm7125-common: Remove BUILD_BROKEN_ELF_PREBUILT_PRODUCT_COPY_FILES	build-flag	no	We never set it (grep -rn BUILD_BROKEN returns nothing) @1188e2b; keep it that way, per TASKS-L24.md 0.5.
android_device_motorola_exynos9610-common	ccc6b60a7fb7	2026-06-25	exynos9610: Stop disabling configstore	build-flag	yes	Our gts4lv.mk:121-122 still adds disable_configstore, and manifest.xml:160 declares vendor.qti.hardware.capabilityconfigstore @1188e2b.
android_device_motorola_exynos9610-common	8a6ca0911290	2026-06-25	exynos9610: Use Clang r563880c for kernel build	kernel-flag	no	Reverted by ad9ef05e3ebd on the same branch; net effect zero.
android_device_motorola_exynos9610-common	013cbf52557f	2026-07-03	exynos9610: Set legacy gralloc flag	build-flag	yes	Our gts4lv.mk:128 builds gralloc.sdm710, the same first-generation gralloc family, so libui needs legacy_gralloc @1188e2b.
android_device_motorola_exynos9610-common	f612e062b75e	2026-07-04	exynos9610: Use legacy libion implementation	build-flag	yes	Same Change-Id as sm7125 429c604442ac; our BoardConfigCommon.mk:106 TARGET_USES_ION := true @1188e2b.
android_device_motorola_exynos9610-common	c213ecdfed35	2026-06-23	exynos9610: power-libperfmgr: Update included soong namespace	build-flag	no	Same as sm7125 8b8c291b4103; our PRODUCT_SOONG_NAMESPACES has no hardware/google/pixel @1188e2b.
android_device_motorola_exynos9610-common	1d593117cdc8	2026-07-04	exynos9610: sepolicy: vendor: Drop duplicated aux list camera prop	sepolicy	no	Our sepolicy/vendor/property_contexts:8 has only the persist.vendor.camera. prefix rule, no duplicate aux-list entry @1188e2b.
android_device_motorola_exynos9610-common	f30ab1841b43	2022-09-08	exynos9610: Retrofit dynamic partitions	build-flag	no	Would repartition and add check_dynamic_partitions; out of scope for a from-scratch 24 build on our fixed 4.16 GiB system partition (FEASIBILITY item 2).
android_device_motorola_exynos9610-common	7e118987d450	2026-07-04	exynos9610: Import check_dynamic_partitions from hardware/google/pixel	build-flag	no	Only meaningful with f30ab1841b43; we do not use dynamic partitions @1188e2b.
android_device_motorola_exynos9610-common	b7d171af1303	2026-08-10	exynos9610: Override PRODUCT_ENABLE_UFFD_GC to true	kernel-flag	no	Reverted by 52d88e0b0871 on the same branch; we set neither flag (grep -rn UFFD returns nothing) @1188e2b.
android_device_motorola_exynos9610-common	52d88e0b0871	2026-08-29	exynos9610: Drop UFFD flags	kernel-flag	no	Nothing to drop: no PRODUCT_ENABLE_UFFD_GC or OVERRIDE_ENABLE_UFFD_GC in our tree @1188e2b.
android_device_motorola_exynos9610-common	ad8fe91088a5	2026-08-29	exynos9610: Drop no longer used TARGET_KERNEL_NO_GCC	kernel-flag	no	Not set in our BoardConfigCommon.mk @1188e2b (grep -rn NO_GCC returns nothing).
android_device_motorola_exynos9610-common	ad9ef05e3ebd	2026-08-28	Revert "exynos9610: Use Clang r563880c for kernel build"	kernel-flag	no	Undoes 8a6ca0911290; we pin no TARGET_KERNEL_CLANG_VERSION (BoardConfigCommon.mk:101-103) @1188e2b.
android_device_motorola_exynos9610-common	e89fdb9bf220	2026-09-13	exynos9610: Install Samsung's bt_did.conf via soong	blob	no	That is the samsung_slsi libbt conf; our Bluetooth is qcwcn (BoardConfigCommon.mk:159 BOARD_WLAN_DEVICE := qcwcn) @1188e2b.
android_device_motorola_exynos9610-common	7d64f3d029ea	2026-09-17	exynos9610: sepolicy: Deduplicate slotinfo_block_device	sepolicy	no	Our sepolicy/vendor/device.te declares no slotinfo_block_device (grep -rn slotinfo over sepolicy/ returns nothing) @1188e2b.
android_device_motorola_exynos9610-common	76fc75b4dacd	2026-09-15	exynos9610: Switch to common wpa_supplicant.conf	build-flag	no	Already in that state: gts4lv.mk:289 builds the wpa_supplicant.conf package and wifi/ has no wpa_supplicant.conf file @1188e2b.
android_hardware_samsung	b03c9487519e	2026-06-24	samsung: Update required hardware/google/pixel namespaces imports	build-flag	no	Changes hardware/samsung's own soong imports to hardware/google/pixel/usb; it ships with the branch we sync (local_manifests/gts4lv-common.xml:22 revision), nothing to change in gts4lv-common @1188e2b.
android_hardware_samsung	f2e53aa7cd4a	2026-07-09	aidl: usb: gadget: Link ss_mon function to fix USB charging current limit	hal	no	Same Change-Id as 21241ed800ed already on our lineage-23.2 (local HEAD 5d20e3541d14 has it in history); Qualcomm USB stack, not this AIDL gadget HAL.
android_hardware_samsung	dba49aea7e82	2026-06-13	vintf: Add AIDL GNSS V3 entry	vintf	unsure	Already on our lineage-23.2 as 369e2dd530d5; it widens hardware/samsung's matrix to vendor.samsung.hardware.gnss hidl 2.0-1 + aidl 2-3. Our manifest.xml:243-251 declares ISehGnss 2.0, which 2.0-1 still allows. L2 must confirm against the 24.0 matrix file.
android_hardware_samsung	fd02411d97fa	2026-08-17	aidl: camera: libhardware_headers: Add Optional FPS Field	hal	no	Already on our lineage-23.2 as 1a68fb17f4d1 (same Change-Id); guarded by the samsungCameraVars soong flag, we set none of them @1188e2b.
android_hardware_samsung	ef461e058efb	2026-08-17	aidl: camera: device: Preserve Torch Strength in setTorchMode()	hal	no	lineage-24.0 diverged: our lineage-23.2 has the equivalent pair 664605175943 + 1e6af647eff0 for the same file. We do not use this Samsung AIDL camera stack (blobs are Qualcomm @1188e2b).
android_hardware_samsung	da003e16a786	2026-08-20	livedisplay: Bump SunlightEnhancement LUX value	hal	no	Already on our lineage-23.2 as 46da74af1f47; Exynos-only sysfs, we use vendor.lineage.livedisplay-service.samsung-qcom (gts4lv.mk:181) @1188e2b.
android_hardware_samsung	459fbc98d370	2026-08-20	hidl: Add GNSS HIDL 2.1 service	hal	unsure	Already on our lineage-23.2 as 8d548f3a5734. It adds an optional android.hardware.gnss@2.1-service.samsung plus its vintf fragment; our manifest.xml has no gnss@1.1/2.1 entry. L2 owns the gnss decision.
android_hardware_samsung	5bac27df2cb2	2026-08-21	aidl: Import AIDL Gatekeeper service	hal	no	Already on our lineage-23.2 as 204634849cf1; teegris gatekeeper, our gatekeeper is mdfpp (vendor.prop:126) @1188e2b.
android_hardware_samsung	6823100a3e4f	2026-08-21	aidl: gatekeeper: Adapt to Samsung	hal	no	Already on our lineage-23.2 as 91f999b97bd1; same teegris/mdfpp reason @1188e2b.
android_hardware_samsung	bd354808eb67	2026-08-24	vibrator: Add support for non-Cirrus InputFF motors	hal	no	Already on our lineage-23.2 as 51a0d07fbc97; our vibrator is a Qualcomm blob, and we build no vendor.samsung.hardware.vibrator package @1188e2b.
android_hardware_samsung	9d8969353317	2026-01-30	samsung: Remove rebalance_interrupts	cleanup	no	Already on our lineage-23.2 as 860f771719ec; we never referenced the binary (grep -rn rebalance_interrupts returns nothing) @1188e2b.
android_hardware_samsung	795659a1da5f	2026-01-30	samsung: Remove mkbootimg.mk	cleanup	no	Already on our lineage-23.2 as d14f0e19e7d3; it only applied with BOARD_KERNEL_SEPARATED_DT, we set BOARD_KERNEL_SEPARATED_DTBO (BoardConfigCommon.mk:96) @1188e2b.
android_hardware_samsung	375533194a95	2026-08-05	soundbooster: Add source-built SoundBooster Plus effect	hal	no	Already on our lineage-23.2 as 8c9addb6f4ea; we have no SoundBooster blobs @1188e2b.
android_hardware_samsung	37e338c07a2c	2026-08-05	soundbooster: Adapt wrapper for AOSP	hal	no	Already on our lineage-23.2 as 3665498126bc; same reason @1188e2b.
android_hardware_samsung	644c46674b3d	2026-08-07	soundbooster: Support legacy 1-arg factory create	hal	no	Already on our lineage-23.2 as b1678b2864de @1188e2b.
android_hardware_samsung	f4ecd602047e	2026-09-06	soundbooster: Add 32-bit audio support	hal	no	Already on our lineage-23.2 as 2d48dc392c75 @1188e2b.
android_hardware_samsung	20c26a2238f0	2026-08-21	soundbooster: Add Stage service replicating corefx	hal	no	Already on our lineage-23.2 as 87f9312904bf; we build no SoundBoosterStage @1188e2b.
android_hardware_samsung	d708bd5ba8c8	2026-09-03	teegris: Add 'libteecl' dummies	hal	no	Already on our lineage-23.2 as 2f8833c44999; Exynos TEE, our TEE is the Samsung mdfpp blob stack @1188e2b.
android_hardware_samsung	19c6dcd4b4ea	2026-08-15	aidl: gatekeeper: Add TEEGRIS GK skeleton	hal	no	Already on our lineage-23.2 as 1134e094bc66 @1188e2b.
android_hardware_samsung	9e47f001fb4b	2026-08-24	aidl: gatekeeper: teegris: RE functionality	hal	no	Already on our lineage-23.2 as 14628d34a707 @1188e2b.
android_hardware_samsung	64d198f74731	2026-09-02	aidl: gatekeeper: teegris: Switch to TEEC_RegisterSharedMemory()	hal	no	Already on our lineage-23.2 as 3226eac55f84 @1188e2b.
android_hardware_samsung	36c811d2096d	2026-09-04	teegris: Provide alternative 'hermesd'	hal	no	Already on our lineage-23.2 as 610755940df2 @1188e2b.
android_hardware_samsung	052324574158	2026-09-05	aidl: vibrator: Utilize map.contains()	hal	no	Already on our lineage-23.2 as 9fe910a4d23b; we build no Samsung AIDL vibrator @1188e2b.
android_hardware_samsung	493c21e9435b	2026-09-05	aidl: vibrator: Slightly refactor perform()	hal	no	Already on our lineage-23.2 as 7c387ac2108a @1188e2b.
android_hardware_samsung	4cfdf4337526	2026-09-04	aidl: vibrator: Report correct effect durations	hal	no	Already on our lineage-23.2 as 98db2158a2e6 @1188e2b.
android_hardware_samsung	cfc5717ec7b2	2026-09-04	aidl: vibrator: Report supported effects for FF vibrators	hal	no	Already on our lineage-23.2 as 17a6abdbabd9 @1188e2b.
android_hardware_samsung	b28f7d0fbd49	2026-05-18	aidl: consumerir: Add AIDL implementation	hal	no	Already on our lineage-23.2 as 63a2ab2fb5ec; we ship no consumerir service @1188e2b.
android_hardware_samsung	8bb883462ff9	2026-01-28	aidl: fingerprint: Send START AcquiredInfo in onPointerDown	hal	no	Already on our lineage-23.2 as bbd776ace573; but note this HAL is one we do build (gts4lv.mk:151), so it comes along with the branch @1188e2b.
android_hardware_samsung	4c4e16f32a19	2026-09-10	teegris: hermesd: Separate rc from service	hal	no	Already on our lineage-23.2 as 5d20e3541d14 (our local HEAD) @1188e2b.
android_device_qcom_sepolicy_vndr	079f7fd5a306	2026-06-22	sepolicy: Replace vendor_sysfs_usb_c with sysfs_typec	sepolicy	no	Touches only generic/vendor/common/*; SEPolicy.mk:35/74 @lineage-24.0-legacy-um gives TARGET_BOARD_PLATFORM=sdm710 (ours, BoardConfigCommon.mk:20) only legacy/vendor/* dirs.
android_device_qcom_sepolicy_vndr	efd15313f680	2026-06-24	sepolicy: Remove coredomain attribute from mst_test_app	sepolicy	unsure	Only legacy/vendor/test/mst_test_app, which SEPolicy.mk:97 adds only for userdebug/eng builds. Matters for WITH_ADB_INSECURE debug builds, not for release.
android_device_qcom_sepolicy_vndr	a3661d1bde7c	2026-06-22	sepolicy: Move com.qualcomm.qti.poweroffalarm label to system_ext	sepolicy	no	Deletes generic/vendor/common/poweroffalarm_app.te; our legacy/vendor/common/poweroffalarm_app.te still exists on lineage-24.0-legacy-um and is the one we load.
android_device_qcom_sepolicy_vndr	286104310dd3	2026-07-12	vendor: lahaina: Label hwmon node from motorola/sm7325	sepolicy	no	generic/vendor/lahaina only; sdm710 does not load it (SEPolicy.mk:74 block).
android_device_qcom_sepolicy_vndr	7a8366052239	2026-07-04	sepolicy: Allow hal_health_default to get vendor_soc_id_prop	sepolicy	no	generic/vendor/common/hal_health.te, not loaded for sdm710. Our own sepolicy/vendor/hal_health_default.te has no such rule today; if 24 shows that denial, add it there.
android_device_qcom_sepolicy_vndr	89590c1c5416	2026-09-04	sepolicy_vndr: kona: Label qcom,pm8150l@5:qcom,leds@d300	sepolicy	no	generic/vendor/kona only.
android_device_qcom_sepolicy_vndr	f454e3cb6971	2023-08-05	sepolicy_vndr: Initial non-legacy policy for sdm845	sepolicy	no	generic/vendor/sdm845; not in our BOARD_VENDOR_SEPOLICY_DIRS.
android_device_qcom_sepolicy_vndr	af61f424222f	2023-08-05	sdm845: Remove duplicate/deprecated policies	sepolicy	no	generic/vendor/sdm845.
android_device_qcom_sepolicy_vndr	3893f2061726	2023-08-05	sdm845: Label wakeup nodes	sepolicy	no	generic/vendor/sdm845.
android_device_qcom_sepolicy_vndr	82b1de70e530	2023-08-06	sdm845: Label kernel 4.19 devfreq nodes	sepolicy	no	generic/vendor/sdm845.
android_device_qcom_sepolicy_vndr	e0f624e42bc9	2025-08-03	sdm845: Add target-specific rcsservice policy	sepolicy	no	generic/vendor/sdm845.
android_device_qcom_sepolicy_vndr	fad5775f3a75	2025-10-26	sdm845: Label discard_max_bytes sysfs	sepolicy	no	generic/vendor/sdm845.
android_device_qcom_sepolicy_vndr	33df3b661808	2026-02-07	sepolicy_vndr: Globally allow using logdump partition as metadata	sepolicy	no	The SEPolicy.mk half of the change sits in the non-sdm710 branch (line 35 ifeq), and our sdm710 block (line 74) already had the logdump handling before 24.0.
