file	value	sdm670_name	series_name	category
include/net/sock.h	bitfield:unsigned int->field:u16	sk_protocol	sk_protocol	BITFIELD_TO_FIELD
include/net/sock.h	bitfield:unsigned int->field:u16	sk_type	sk_type	BITFIELD_TO_FIELD
include/linux/tcp.h	1->2	save_syn	save_syn	BITFIELD_WIDTH_CHANGED
include/net/inet_connection_sock.h	6->5	icsk_ca_state	icsk_ca_state	BITFIELD_WIDTH_CHANGED
include/net/sock.h	2->1	sk_padding	sk_padding	BITFIELD_WIDTH_CHANGED
arch/arm64/include/asm/thread_info.h	0x4	TIF_FSCHECK	TIF_UPROBE	BIT_COLLISION
include/linux/mm.h	0x200	FAULT_FLAG_SPECULATIVE	FAULT_FLAG_INTERRUPTIBLE	BIT_COLLISION
include/linux/mm.h	0x2000000	VM_ARCH_2	VM_WIPEONFORK	BIT_COLLISION
include/linux/vmalloc.h	0x100	VM_LOWMEM	VM_FLUSH_RESET_PERMS	BIT_COLLISION
include/uapi/linux/input-event-codes.h	0x10	SW_HPHL_OVERCURRENT	SW_MACHINE_COVER	BIT_COLLISION
include/linux/bpf.h	0x4	ARG_PTR_TO_STACK	ARG_PTR_TO_UNINIT_MAP_VALUE	ENUM_INSERT_RENUMBER
include/linux/bpf.h	0x5	ARG_PTR_TO_RAW_STACK	ARG_PTR_TO_MAP_VALUE_OR_NULL	ENUM_INSERT_RENUMBER
include/linux/bpf.h	0x6	ARG_CONST_STACK_SIZE	ARG_PTR_TO_MEM	ENUM_INSERT_RENUMBER
include/linux/bpf.h	0x7	ARG_CONST_STACK_SIZE_OR_ZERO	ARG_PTR_TO_MEM_OR_NULL	ENUM_INSERT_RENUMBER
include/linux/bpf.h	0xb	PTR_TO_MAP_VALUE_ADJ	PTR_TO_SOCKET	ENUM_INSERT_RENUMBER
include/linux/cpuhotplug.h	0x62	CPUHP_AP_ARM_SAVE_RESTORE_CORESIGHT4_STARTING	CPUHP_AP_ETM_DYING	ENUM_INSERT_RENUMBER
include/uapi/linux/nl80211.h	0x9c	NL80211_ATTR_AUTH_DATA	NL80211_ATTR_SAE_DATA	ENUM_INSERT_RENUMBER
include/uapi/linux/input-event-codes.h	0xfc	KEY_DUMMY_HOME	KEY_HOT	VALUE_COLLISION
fs/f2fs/f2fs.h	s32->bool	timeout	timeout	WIDTH_CHANGED
include/linux/bpf.h	atomic_t->atomic64_t	refcnt	refcnt	WIDTH_CHANGED
include/linux/bpf.h	atomic_t->atomic64_t	refcnt	refcnt	WIDTH_CHANGED
include/linux/bpf.h	atomic_t->atomic64_t	usercnt	usercnt	WIDTH_CHANGED
include/linux/bpf_verifier.h	bool->u32	seen	seen	WIDTH_CHANGED
include/linux/bpf_verifier.h	bpf_verifier_state->ptr	cur_state	cur_state	WIDTH_CHANGED
include/linux/filter.h	atomic_t->refcount_t	refcnt	refcnt	WIDTH_CHANGED
include/linux/hrtimer.h	s32->u32	index	index	WIDTH_CHANGED
include/linux/hrtimer.h	u32->u16	nr_hangs	nr_hangs	WIDTH_CHANGED
include/linux/hrtimer.h	u32->u16	nr_retries	nr_retries	WIDTH_CHANGED
include/linux/netlink.h	u16->u32	min_dump_alloc	min_dump_alloc	WIDTH_CHANGED
include/linux/netlink.h	u16->u32	min_dump_alloc	min_dump_alloc	WIDTH_CHANGED
include/linux/skbuff.h	u16->u32	gso_type	gso_type	WIDTH_CHANGED
include/net/sock.h	s32->u16	skc_tx_queue_mapping	skc_tx_queue_mapping	WIDTH_CHANGED
fs/ext4/ext4.h	0x1	EXT4_IO_ENCRYPTED	EXT4_FLAGS_SHUTDOWN	TEXT_PREFIX_ONLY
fs/ext4/ext4.h	0x1	EXT4_IO_ENCRYPTED	EXT4_GOING_FLAGS_LOGFLUSH	TEXT_PREFIX_ONLY
fs/ext4/ext4.h	0x1	EXT4_IO_ENCRYPTED	EXT4_MOUNT_NO_MBCACHE	TEXT_PREFIX_ONLY
arch/arm64/include/asm/unistd.h	0x1b3->0x1c1	__NR_compat_syscalls	__NR_compat_syscalls	VALUE_CHANGED
fs/ext4/ext4.h	0x204380ff->0x604bc0ff	EXT4_FL_USER_MODIFIABLE	EXT4_FL_USER_MODIFIABLE	VALUE_CHANGED
fs/ext4/ext4.h	0x304bdfff->0x705bdfff	EXT4_FL_USER_VISIBLE	EXT4_FL_USER_VISIBLE	VALUE_CHANGED
include/linux/mod_devicetable.h	0x20->0x10	INPUT_DEVICE_ID_SW_MAX	INPUT_DEVICE_ID_SW_MAX	VALUE_CHANGED
include/linux/socket.h	0x2b->0x2d	AF_MAX	AF_MAX	VALUE_CHANGED
include/uapi/asm-generic/unistd.h	0x1b3->0x1c1	__NR_syscalls	__NR_syscalls	VALUE_CHANGED
include/uapi/linux/input-event-codes.h	0x20->0x10	SW_MAX	SW_MAX	VALUE_CHANGED
include/uapi/linux/nl80211.h	0x5->0x6	NL80211_MAX_NR_CIPHER_SUITES	NL80211_MAX_NR_CIPHER_SUITES	VALUE_CHANGED
fs/ext4/ext4.h	size [98]->[95]	s_reserved	s_reserved	ARRAY_SIZE_CHANGED
fs/fuse/fuse_i.h	size [2]->[FUSE_MAX_OUT_ARGS]	args	args	ARRAY_SIZE_CHANGED
fs/fuse/fuse_i.h	size [3]->[FUSE_MAX_IN_ARGS]	args	args	ARRAY_SIZE_CHANGED
