drivers/net/wireless/cnss/cnss_common.c:429	ctx	benign: 'void *ctx' parameter (TSF-captured IRQ handler, or the logger callback signature); not ubuf_info.ctx | changed API: struct ubuf_info: inside anonymous union, after `unsigned long desc;` (LAYOUT/ORDER changed, name kept)
drivers/net/wireless/cnss/cnss_common.c:434	ctx	benign: 'void *ctx' parameter (TSF-captured IRQ handler, or the logger callback signature); not ubuf_info.ctx | changed API: struct ubuf_info: inside anonymous union, after `unsigned long desc;` (LAYOUT/ORDER changed, name kept)
drivers/net/wireless/cnss/cnss_common.c:441	ctx	benign: 'void *ctx' parameter (TSF-captured IRQ handler, or the logger callback signature); not ubuf_info.ctx | changed API: struct ubuf_info: inside anonymous union, after `unsigned long desc;` (LAYOUT/ORDER changed, name kept)
drivers/net/wireless/cnss/cnss_common.c:446	ctx	benign: 'void *ctx' parameter (TSF-captured IRQ handler, or the logger callback signature); not ubuf_info.ctx | changed API: struct ubuf_info: inside anonymous union, after `unsigned long desc;` (LAYOUT/ORDER changed, name kept)
drivers/net/wireless/cnss/cnss_pci.c:175	image	benign: comment or pr_err()/pr_dbg()/pr_info() string about the WLAN firmware image; not bpf_binary_header.image | changed API: struct bpf_binary_header: u8 image[] __aligned(4); (ALIGNMENT changed)
drivers/net/wireless/cnss/cnss_pci.c:1240	image	benign: comment or pr_err()/pr_dbg()/pr_info() string about the WLAN firmware image; not bpf_binary_header.image | changed API: struct bpf_binary_header: u8 image[] __aligned(4); (ALIGNMENT changed)
drivers/net/wireless/cnss/cnss_pci.c:1272	desc	benign: local 'struct esoc_desc *desc' / 'struct hash_desc desc', or the string "cnss: image desc allocation failure"; not ubuf_info.desc | changed API: struct ubuf_info: unsigned long desc; (1st field of anonymous union) (LAYOUT/ORDER changed)
drivers/net/wireless/cnss/cnss_pci.c:1272	image	benign: comment or pr_err()/pr_dbg()/pr_info() string about the WLAN firmware image; not bpf_binary_header.image | changed API: struct bpf_binary_header: u8 image[] __aligned(4); (ALIGNMENT changed)
drivers/net/wireless/cnss/cnss_pci.c:1328	image	benign: comment or pr_err()/pr_dbg()/pr_info() string about the WLAN firmware image; not bpf_binary_header.image | changed API: struct bpf_binary_header: u8 image[] __aligned(4); (ALIGNMENT changed)
drivers/net/wireless/cnss/cnss_pci.c:1333	image	benign: comment or pr_err()/pr_dbg()/pr_info() string about the WLAN firmware image; not bpf_binary_header.image | changed API: struct bpf_binary_header: u8 image[] __aligned(4); (ALIGNMENT changed)
drivers/net/wireless/cnss/cnss_pci.c:1353	image	benign: comment or pr_err()/pr_dbg()/pr_info() string about the WLAN firmware image; not bpf_binary_header.image | changed API: struct bpf_binary_header: u8 image[] __aligned(4); (ALIGNMENT changed)
drivers/net/wireless/cnss/cnss_pci.c:1396	image	benign: comment or pr_err()/pr_dbg()/pr_info() string about the WLAN firmware image; not bpf_binary_header.image | changed API: struct bpf_binary_header: u8 image[] __aligned(4); (ALIGNMENT changed)
drivers/net/wireless/cnss/cnss_pci.c:1959	image	benign: comment or pr_err()/pr_dbg()/pr_info() string about the WLAN firmware image; not bpf_binary_header.image | changed API: struct bpf_binary_header: u8 image[] __aligned(4); (ALIGNMENT changed)
drivers/net/wireless/cnss/cnss_pci.c:1962	image	benign: comment or pr_err()/pr_dbg()/pr_info() string about the WLAN firmware image; not bpf_binary_header.image | changed API: struct bpf_binary_header: u8 image[] __aligned(4); (ALIGNMENT changed)
drivers/net/wireless/cnss/cnss_pci.c:2949	desc	benign: local 'struct esoc_desc *desc' / 'struct hash_desc desc', or the string "cnss: image desc allocation failure"; not ubuf_info.desc | changed API: struct ubuf_info: unsigned long desc; (1st field of anonymous union) (LAYOUT/ORDER changed)
drivers/net/wireless/cnss/cnss_pci.c:3013	desc	benign: local 'struct esoc_desc *desc' / 'struct hash_desc desc', or the string "cnss: image desc allocation failure"; not ubuf_info.desc | changed API: struct ubuf_info: unsigned long desc; (1st field of anonymous union) (LAYOUT/ORDER changed)
drivers/net/wireless/cnss/cnss_pci.c:3014	desc	benign: local 'struct esoc_desc *desc' / 'struct hash_desc desc', or the string "cnss: image desc allocation failure"; not ubuf_info.desc | changed API: struct ubuf_info: unsigned long desc; (1st field of anonymous union) (LAYOUT/ORDER changed)
drivers/net/wireless/cnss/cnss_pci.c:3015	desc	benign: local 'struct esoc_desc *desc' / 'struct hash_desc desc', or the string "cnss: image desc allocation failure"; not ubuf_info.desc | changed API: struct ubuf_info: unsigned long desc; (1st field of anonymous union) (LAYOUT/ORDER changed)
drivers/net/wireless/cnss/cnss_pci.c:3016	desc	benign: local 'struct esoc_desc *desc' / 'struct hash_desc desc', or the string "cnss: image desc allocation failure"; not ubuf_info.desc | changed API: struct ubuf_info: unsigned long desc; (1st field of anonymous union) (LAYOUT/ORDER changed)
drivers/net/wireless/cnss/cnss_pci.c:3019	desc	benign: local 'struct esoc_desc *desc' / 'struct hash_desc desc', or the string "cnss: image desc allocation failure"; not ubuf_info.desc | changed API: struct ubuf_info: unsigned long desc; (1st field of anonymous union) (LAYOUT/ORDER changed)
drivers/net/wireless/cnss/cnss_pci.c:3435	desc	benign: local 'struct esoc_desc *desc' / 'struct hash_desc desc', or the string "cnss: image desc allocation failure"; not ubuf_info.desc | changed API: struct ubuf_info: unsigned long desc; (1st field of anonymous union) (LAYOUT/ORDER changed)
drivers/net/wireless/cnss/cnss_pci.c:3444	desc	benign: local 'struct esoc_desc *desc' / 'struct hash_desc desc', or the string "cnss: image desc allocation failure"; not ubuf_info.desc | changed API: struct ubuf_info: unsigned long desc; (1st field of anonymous union) (LAYOUT/ORDER changed)
drivers/net/wireless/cnss/cnss_pci.c:3445	desc	benign: local 'struct esoc_desc *desc' / 'struct hash_desc desc', or the string "cnss: image desc allocation failure"; not ubuf_info.desc | changed API: struct ubuf_info: unsigned long desc; (1st field of anonymous union) (LAYOUT/ORDER changed)
drivers/net/wireless/cnss/cnss_pci.c:3446	desc	benign: local 'struct esoc_desc *desc' / 'struct hash_desc desc', or the string "cnss: image desc allocation failure"; not ubuf_info.desc | changed API: struct ubuf_info: unsigned long desc; (1st field of anonymous union) (LAYOUT/ORDER changed)
drivers/net/wireless/cnss/cnss_pci.c:3447	desc	benign: local 'struct esoc_desc *desc' / 'struct hash_desc desc', or the string "cnss: image desc allocation failure"; not ubuf_info.desc | changed API: struct ubuf_info: unsigned long desc; (1st field of anonymous union) (LAYOUT/ORDER changed)
drivers/net/wireless/cnss/cnss_pci.c:3448	desc	benign: local 'struct esoc_desc *desc' / 'struct hash_desc desc', or the string "cnss: image desc allocation failure"; not ubuf_info.desc | changed API: struct ubuf_info: unsigned long desc; (1st field of anonymous union) (LAYOUT/ORDER changed)
drivers/net/wireless/cnss/cnss_pci.c:3453	desc	benign: local 'struct esoc_desc *desc' / 'struct hash_desc desc', or the string "cnss: image desc allocation failure"; not ubuf_info.desc | changed API: struct ubuf_info: unsigned long desc; (1st field of anonymous union) (LAYOUT/ORDER changed)
drivers/net/wireless/cnss/cnss_pci.c:3454	desc	benign: local 'struct esoc_desc *desc' / 'struct hash_desc desc', or the string "cnss: image desc allocation failure"; not ubuf_info.desc | changed API: struct ubuf_info: unsigned long desc; (1st field of anonymous union) (LAYOUT/ORDER changed)
drivers/net/wireless/cnss/cnss_sdio.c:724	ctx	benign: 'void *ctx' parameter (TSF-captured IRQ handler, or the logger callback signature); not ubuf_info.ctx | changed API: struct ubuf_info: inside anonymous union, after `unsigned long desc;` (LAYOUT/ORDER changed, name kept)
drivers/net/wireless/cnss/cnss_sdio.c:736	ctx	benign: 'void *ctx' parameter (TSF-captured IRQ handler, or the logger callback signature); not ubuf_info.ctx | changed API: struct ubuf_info: inside anonymous union, after `unsigned long desc;` (LAYOUT/ORDER changed, name kept)
drivers/net/wireless/cnss/cnss_sdio.c:740	ctx	benign: 'void *ctx' parameter (TSF-captured IRQ handler, or the logger callback signature); not ubuf_info.ctx | changed API: struct ubuf_info: inside anonymous union, after `unsigned long desc;` (LAYOUT/ORDER changed, name kept)
drivers/net/wireless/cnss/cnss_sdio.c:751	ctx	benign: 'void *ctx' parameter (TSF-captured IRQ handler, or the logger callback signature); not ubuf_info.ctx | changed API: struct ubuf_info: inside anonymous union, after `unsigned long desc;` (LAYOUT/ORDER changed, name kept)
drivers/net/wireless/cnss/cnss_sdio.c:758	ctx	benign: 'void *ctx' parameter (TSF-captured IRQ handler, or the logger callback signature); not ubuf_info.ctx | changed API: struct ubuf_info: inside anonymous union, after `unsigned long desc;` (LAYOUT/ORDER changed, name kept)
drivers/net/wireless/cnss/logger/debugfs.c:48	ctx	benign: the CNSS logger's own 'struct logger_context *ctx' (defined logger.h:78); ubuf_info.ctx does not exist here | changed API: struct ubuf_info: inside anonymous union, after `unsigned long desc;` (LAYOUT/ORDER changed, name kept)
drivers/net/wireless/cnss/logger/debugfs.c:53	ctx	benign: the CNSS logger's own 'struct logger_context *ctx' (defined logger.h:78); ubuf_info.ctx does not exist here | changed API: struct ubuf_info: inside anonymous union, after `unsigned long desc;` (LAYOUT/ORDER changed, name kept)
drivers/net/wireless/cnss/logger/debugfs.c:61	ctx	benign: the CNSS logger's own 'struct logger_context *ctx' (defined logger.h:78); ubuf_info.ctx does not exist here | changed API: struct ubuf_info: inside anonymous union, after `unsigned long desc;` (LAYOUT/ORDER changed, name kept)
drivers/net/wireless/cnss/logger/debugfs.c:69	ctx	benign: the CNSS logger's own 'struct logger_context *ctx' (defined logger.h:78); ubuf_info.ctx does not exist here | changed API: struct ubuf_info: inside anonymous union, after `unsigned long desc;` (LAYOUT/ORDER changed, name kept)
drivers/net/wireless/cnss/logger/debugfs.c:73	ctx	benign: the CNSS logger's own 'struct logger_context *ctx' (defined logger.h:78); ubuf_info.ctx does not exist here | changed API: struct ubuf_info: inside anonymous union, after `unsigned long desc;` (LAYOUT/ORDER changed, name kept)
drivers/net/wireless/cnss/logger/debugfs.c:81	ctx	benign: the CNSS logger's own 'struct logger_context *ctx' (defined logger.h:78); ubuf_info.ctx does not exist here | changed API: struct ubuf_info: inside anonymous union, after `unsigned long desc;` (LAYOUT/ORDER changed, name kept)
drivers/net/wireless/cnss/logger/debugfs.c:86	ctx	benign: the CNSS logger's own 'struct logger_context *ctx' (defined logger.h:78); ubuf_info.ctx does not exist here | changed API: struct ubuf_info: inside anonymous union, after `unsigned long desc;` (LAYOUT/ORDER changed, name kept)
drivers/net/wireless/cnss/logger/debugfs.c:93	ctx	benign: the CNSS logger's own 'struct logger_context *ctx' (defined logger.h:78); ubuf_info.ctx does not exist here | changed API: struct ubuf_info: inside anonymous union, after `unsigned long desc;` (LAYOUT/ORDER changed, name kept)
drivers/net/wireless/cnss/logger/debugfs.c:121	ctx	benign: the CNSS logger's own 'struct logger_context *ctx' (defined logger.h:78); ubuf_info.ctx does not exist here | changed API: struct ubuf_info: inside anonymous union, after `unsigned long desc;` (LAYOUT/ORDER changed, name kept)
drivers/net/wireless/cnss/logger/debugfs.c:123	ctx	benign: the CNSS logger's own 'struct logger_context *ctx' (defined logger.h:78); ubuf_info.ctx does not exist here | changed API: struct ubuf_info: inside anonymous union, after `unsigned long desc;` (LAYOUT/ORDER changed, name kept)
drivers/net/wireless/cnss/logger/debugfs.c:124	ctx	benign: the CNSS logger's own 'struct logger_context *ctx' (defined logger.h:78); ubuf_info.ctx does not exist here | changed API: struct ubuf_info: inside anonymous union, after `unsigned long desc;` (LAYOUT/ORDER changed, name kept)
drivers/net/wireless/cnss/logger/debugfs.c:126	ctx	benign: the CNSS logger's own 'struct logger_context *ctx' (defined logger.h:78); ubuf_info.ctx does not exist here | changed API: struct ubuf_info: inside anonymous union, after `unsigned long desc;` (LAYOUT/ORDER changed, name kept)
drivers/net/wireless/cnss/logger/debugfs.c:130	ctx	benign: the CNSS logger's own 'struct logger_context *ctx' (defined logger.h:78); ubuf_info.ctx does not exist here | changed API: struct ubuf_info: inside anonymous union, after `unsigned long desc;` (LAYOUT/ORDER changed, name kept)
drivers/net/wireless/cnss/logger/debugfs.c:132	ctx	benign: the CNSS logger's own 'struct logger_context *ctx' (defined logger.h:78); ubuf_info.ctx does not exist here | changed API: struct ubuf_info: inside anonymous union, after `unsigned long desc;` (LAYOUT/ORDER changed, name kept)
drivers/net/wireless/cnss/logger/logger.h:47	cb	benign: the CNSS logger's own per-event callback slot evt->cb / cur->cb (logger.h:47); not sk_buff.cb | changed API: struct sk_buff: char cb[48] __aligned(8); (no MPTCP variant; shrinks if MPTCP was on)
drivers/net/wireless/cnss/logger/logger.h:54	ctx	benign: the CNSS logger's own 'struct logger_context *ctx' (defined logger.h:78); ubuf_info.ctx does not exist here | changed API: struct ubuf_info: inside anonymous union, after `unsigned long desc;` (LAYOUT/ORDER changed, name kept)
drivers/net/wireless/cnss/logger/logger.h:63	ctx	benign: the CNSS logger's own 'struct logger_context *ctx' (defined logger.h:78); ubuf_info.ctx does not exist here | changed API: struct ubuf_info: inside anonymous union, after `unsigned long desc;` (LAYOUT/ORDER changed, name kept)
drivers/net/wireless/cnss/logger/logger.h:90	ctx	benign: the CNSS logger's own 'struct logger_context *ctx' (defined logger.h:78); ubuf_info.ctx does not exist here | changed API: struct ubuf_info: inside anonymous union, after `unsigned long desc;` (LAYOUT/ORDER changed, name kept)
drivers/net/wireless/cnss/logger/logger.h:91	ctx	benign: the CNSS logger's own 'struct logger_context *ctx' (defined logger.h:78); ubuf_info.ctx does not exist here | changed API: struct ubuf_info: inside anonymous union, after `unsigned long desc;` (LAYOUT/ORDER changed, name kept)
drivers/net/wireless/cnss/logger/logger.h:95	ctx	benign: the CNSS logger's own 'struct logger_context *ctx' (defined logger.h:78); ubuf_info.ctx does not exist here | changed API: struct ubuf_info: inside anonymous union, after `unsigned long desc;` (LAYOUT/ORDER changed, name kept)
drivers/net/wireless/cnss/logger/logger.h:96	ctx	benign: the CNSS logger's own 'struct logger_context *ctx' (defined logger.h:78); ubuf_info.ctx does not exist here | changed API: struct ubuf_info: inside anonymous union, after `unsigned long desc;` (LAYOUT/ORDER changed, name kept)
drivers/net/wireless/cnss/logger/logger.h:98	ctx	benign: the CNSS logger's own 'struct logger_context *ctx' (defined logger.h:78); ubuf_info.ctx does not exist here | changed API: struct ubuf_info: inside anonymous union, after `unsigned long desc;` (LAYOUT/ORDER changed, name kept)
drivers/net/wireless/cnss/logger/logger.h:99	ctx	benign: the CNSS logger's own 'struct logger_context *ctx' (defined logger.h:78); ubuf_info.ctx does not exist here | changed API: struct ubuf_info: inside anonymous union, after `unsigned long desc;` (LAYOUT/ORDER changed, name kept)
drivers/net/wireless/cnss/logger/main.c:19	ctx	benign: the CNSS logger's own 'struct logger_context *ctx' (defined logger.h:78); ubuf_info.ctx does not exist here | changed API: struct ubuf_info: inside anonymous union, after `unsigned long desc;` (LAYOUT/ORDER changed, name kept)
drivers/net/wireless/cnss/logger/main.c:23	ctx	benign: the CNSS logger's own 'struct logger_context *ctx' (defined logger.h:78); ubuf_info.ctx does not exist here | changed API: struct ubuf_info: inside anonymous union, after `unsigned long desc;` (LAYOUT/ORDER changed, name kept)
drivers/net/wireless/cnss/logger/main.c:30	ctx	benign: the CNSS logger's own 'struct logger_context *ctx' (defined logger.h:78); ubuf_info.ctx does not exist here | changed API: struct ubuf_info: inside anonymous union, after `unsigned long desc;` (LAYOUT/ORDER changed, name kept)
drivers/net/wireless/cnss/logger/main.c:31	ctx	benign: the CNSS logger's own 'struct logger_context *ctx' (defined logger.h:78); ubuf_info.ctx does not exist here | changed API: struct ubuf_info: inside anonymous union, after `unsigned long desc;` (LAYOUT/ORDER changed, name kept)
drivers/net/wireless/cnss/logger/main.c:34	ctx	benign: the CNSS logger's own 'struct logger_context *ctx' (defined logger.h:78); ubuf_info.ctx does not exist here | changed API: struct ubuf_info: inside anonymous union, after `unsigned long desc;` (LAYOUT/ORDER changed, name kept)
drivers/net/wireless/cnss/logger/main.c:36	ctx	benign: the CNSS logger's own 'struct logger_context *ctx' (defined logger.h:78); ubuf_info.ctx does not exist here | changed API: struct ubuf_info: inside anonymous union, after `unsigned long desc;` (LAYOUT/ORDER changed, name kept)
drivers/net/wireless/cnss/logger/main.c:37	ctx	benign: the CNSS logger's own 'struct logger_context *ctx' (defined logger.h:78); ubuf_info.ctx does not exist here | changed API: struct ubuf_info: inside anonymous union, after `unsigned long desc;` (LAYOUT/ORDER changed, name kept)
drivers/net/wireless/cnss/logger/main.c:38	ctx	benign: the CNSS logger's own 'struct logger_context *ctx' (defined logger.h:78); ubuf_info.ctx does not exist here | changed API: struct ubuf_info: inside anonymous union, after `unsigned long desc;` (LAYOUT/ORDER changed, name kept)
drivers/net/wireless/cnss/logger/main.c:45	ctx	benign: the CNSS logger's own 'struct logger_context *ctx' (defined logger.h:78); ubuf_info.ctx does not exist here | changed API: struct ubuf_info: inside anonymous union, after `unsigned long desc;` (LAYOUT/ORDER changed, name kept)
drivers/net/wireless/cnss/logger/main.c:46	ctx	benign: the CNSS logger's own 'struct logger_context *ctx' (defined logger.h:78); ubuf_info.ctx does not exist here | changed API: struct ubuf_info: inside anonymous union, after `unsigned long desc;` (LAYOUT/ORDER changed, name kept)
drivers/net/wireless/cnss/logger/main.c:48	ctx	benign: the CNSS logger's own 'struct logger_context *ctx' (defined logger.h:78); ubuf_info.ctx does not exist here | changed API: struct ubuf_info: inside anonymous union, after `unsigned long desc;` (LAYOUT/ORDER changed, name kept)
drivers/net/wireless/cnss/logger/nl_service.c:26	ctx	benign: the CNSS logger's own 'struct logger_context *ctx' (defined logger.h:78); ubuf_info.ctx does not exist here | changed API: struct ubuf_info: inside anonymous union, after `unsigned long desc;` (LAYOUT/ORDER changed, name kept)
drivers/net/wireless/cnss/logger/nl_service.c:30	ctx	benign: the CNSS logger's own 'struct logger_context *ctx' (defined logger.h:78); ubuf_info.ctx does not exist here | changed API: struct ubuf_info: inside anonymous union, after `unsigned long desc;` (LAYOUT/ORDER changed, name kept)
drivers/net/wireless/cnss/logger/nl_service.c:34	ctx	benign: the CNSS logger's own 'struct logger_context *ctx' (defined logger.h:78); ubuf_info.ctx does not exist here | changed API: struct ubuf_info: inside anonymous union, after `unsigned long desc;` (LAYOUT/ORDER changed, name kept)
drivers/net/wireless/cnss/logger/nl_service.c:35	ctx	benign: the CNSS logger's own 'struct logger_context *ctx' (defined logger.h:78); ubuf_info.ctx does not exist here | changed API: struct ubuf_info: inside anonymous union, after `unsigned long desc;` (LAYOUT/ORDER changed, name kept)
drivers/net/wireless/cnss/logger/nl_service.c:47	ctx	benign: the CNSS logger's own 'struct logger_context *ctx' (defined logger.h:78); ubuf_info.ctx does not exist here | changed API: struct ubuf_info: inside anonymous union, after `unsigned long desc;` (LAYOUT/ORDER changed, name kept)
drivers/net/wireless/cnss/logger/nl_service.c:49	ctx	benign: the CNSS logger's own 'struct logger_context *ctx' (defined logger.h:78); ubuf_info.ctx does not exist here | changed API: struct ubuf_info: inside anonymous union, after `unsigned long desc;` (LAYOUT/ORDER changed, name kept)
drivers/net/wireless/cnss/logger/nl_service.c:61	ctx	benign: the CNSS logger's own 'struct logger_context *ctx' (defined logger.h:78); ubuf_info.ctx does not exist here | changed API: struct ubuf_info: inside anonymous union, after `unsigned long desc;` (LAYOUT/ORDER changed, name kept)
drivers/net/wireless/cnss/logger/nl_service.c:63	ctx	benign: the CNSS logger's own 'struct logger_context *ctx' (defined logger.h:78); ubuf_info.ctx does not exist here | changed API: struct ubuf_info: inside anonymous union, after `unsigned long desc;` (LAYOUT/ORDER changed, name kept)
drivers/net/wireless/cnss/logger/nl_service.c:64	ctx	benign: the CNSS logger's own 'struct logger_context *ctx' (defined logger.h:78); ubuf_info.ctx does not exist here | changed API: struct ubuf_info: inside anonymous union, after `unsigned long desc;` (LAYOUT/ORDER changed, name kept)
drivers/net/wireless/cnss/logger/nl_service.c:67	ctx	benign: the CNSS logger's own 'struct logger_context *ctx' (defined logger.h:78); ubuf_info.ctx does not exist here | changed API: struct ubuf_info: inside anonymous union, after `unsigned long desc;` (LAYOUT/ORDER changed, name kept)
drivers/net/wireless/cnss/logger/nl_service.c:84	ctx	benign: the CNSS logger's own 'struct logger_context *ctx' (defined logger.h:78); ubuf_info.ctx does not exist here | changed API: struct ubuf_info: inside anonymous union, after `unsigned long desc;` (LAYOUT/ORDER changed, name kept)
drivers/net/wireless/cnss/logger/nl_service.c:89	ctx	benign: the CNSS logger's own 'struct logger_context *ctx' (defined logger.h:78); ubuf_info.ctx does not exist here | changed API: struct ubuf_info: inside anonymous union, after `unsigned long desc;` (LAYOUT/ORDER changed, name kept)
drivers/net/wireless/cnss/logger/nl_service.c:108	ctx	benign: the CNSS logger's own 'struct logger_context *ctx' (defined logger.h:78); ubuf_info.ctx does not exist here | changed API: struct ubuf_info: inside anonymous union, after `unsigned long desc;` (LAYOUT/ORDER changed, name kept)
drivers/net/wireless/cnss/logger/nl_service.c:113	ctx	benign: the CNSS logger's own 'struct logger_context *ctx' (defined logger.h:78); ubuf_info.ctx does not exist here | changed API: struct ubuf_info: inside anonymous union, after `unsigned long desc;` (LAYOUT/ORDER changed, name kept)
drivers/net/wireless/cnss/logger/nl_service.c:114	ctx	benign: the CNSS logger's own 'struct logger_context *ctx' (defined logger.h:78); ubuf_info.ctx does not exist here | changed API: struct ubuf_info: inside anonymous union, after `unsigned long desc;` (LAYOUT/ORDER changed, name kept)
drivers/net/wireless/cnss/logger/nl_service.c:124	ctx	benign: the CNSS logger's own 'struct logger_context *ctx' (defined logger.h:78); ubuf_info.ctx does not exist here | changed API: struct ubuf_info: inside anonymous union, after `unsigned long desc;` (LAYOUT/ORDER changed, name kept)
drivers/net/wireless/cnss/logger/nl_service.c:127	cb	benign: the CNSS logger's own per-event callback slot evt->cb / cur->cb (logger.h:47); not sk_buff.cb | changed API: struct sk_buff: char cb[48] __aligned(8); (no MPTCP variant; shrinks if MPTCP was on)
drivers/net/wireless/cnss/logger/nl_service.c:129	cb	benign: the CNSS logger's own per-event callback slot evt->cb / cur->cb (logger.h:47); not sk_buff.cb | changed API: struct sk_buff: char cb[48] __aligned(8); (no MPTCP variant; shrinks if MPTCP was on)
drivers/net/wireless/cnss/logger/nl_service.c:180	ctx	benign: the CNSS logger's own 'struct logger_context *ctx' (defined logger.h:78); ubuf_info.ctx does not exist here | changed API: struct ubuf_info: inside anonymous union, after `unsigned long desc;` (LAYOUT/ORDER changed, name kept)
drivers/net/wireless/cnss/logger/nl_service.c:189	cb	benign: the CNSS logger's own per-event callback slot evt->cb / cur->cb (logger.h:47); not sk_buff.cb | changed API: struct sk_buff: char cb[48] __aligned(8); (no MPTCP variant; shrinks if MPTCP was on)
drivers/net/wireless/cnss/logger/nl_service.c:194	cb	benign: the CNSS logger's own per-event callback slot evt->cb / cur->cb (logger.h:47); not sk_buff.cb | changed API: struct sk_buff: char cb[48] __aligned(8); (no MPTCP variant; shrinks if MPTCP was on)
drivers/net/wireless/cnss/logger/nl_service.c:210	cb	benign: the CNSS logger's own per-event callback slot evt->cb / cur->cb (logger.h:47); not sk_buff.cb | changed API: struct sk_buff: char cb[48] __aligned(8); (no MPTCP variant; shrinks if MPTCP was on)
drivers/net/wireless/cnss/logger/nl_service.c:222	cb	benign: the CNSS logger's own per-event callback slot evt->cb / cur->cb (logger.h:47); not sk_buff.cb | changed API: struct sk_buff: char cb[48] __aligned(8); (no MPTCP variant; shrinks if MPTCP was on)
drivers/net/wireless/cnss/logger/nl_service.c:227	cb	benign: the CNSS logger's own per-event callback slot evt->cb / cur->cb (logger.h:47); not sk_buff.cb | changed API: struct sk_buff: char cb[48] __aligned(8); (no MPTCP variant; shrinks if MPTCP was on)
drivers/net/wireless/cnss/logger/nl_service.c:234	cb	benign: the CNSS logger's own per-event callback slot evt->cb / cur->cb (logger.h:47); not sk_buff.cb | changed API: struct sk_buff: char cb[48] __aligned(8); (no MPTCP variant; shrinks if MPTCP was on)
drivers/net/wireless/cnss/logger/nl_service.c:262	cb	benign: the CNSS logger's own per-event callback slot evt->cb / cur->cb (logger.h:47); not sk_buff.cb | changed API: struct sk_buff: char cb[48] __aligned(8); (no MPTCP variant; shrinks if MPTCP was on)
drivers/net/wireless/cnss/logger/nl_service.c:269	cb	benign: the CNSS logger's own per-event callback slot evt->cb / cur->cb (logger.h:47); not sk_buff.cb | changed API: struct sk_buff: char cb[48] __aligned(8); (no MPTCP variant; shrinks if MPTCP was on)
drivers/net/wireless/cnss/logger/nl_service.c:276	cb	benign: the CNSS logger's own per-event callback slot evt->cb / cur->cb (logger.h:47); not sk_buff.cb | changed API: struct sk_buff: char cb[48] __aligned(8); (no MPTCP variant; shrinks if MPTCP was on)
drivers/net/wireless/cnss/logger/nl_service.c:286	cb	benign: the CNSS logger's own per-event callback slot evt->cb / cur->cb (logger.h:47); not sk_buff.cb | changed API: struct sk_buff: char cb[48] __aligned(8); (no MPTCP variant; shrinks if MPTCP was on)
drivers/net/wireless/cnss/logger/nl_service.c:293	cb	benign: the CNSS logger's own per-event callback slot evt->cb / cur->cb (logger.h:47); not sk_buff.cb | changed API: struct sk_buff: char cb[48] __aligned(8); (no MPTCP variant; shrinks if MPTCP was on)
drivers/net/wireless/cnss/logger/nl_service.c:300	cb	benign: the CNSS logger's own per-event callback slot evt->cb / cur->cb (logger.h:47); not sk_buff.cb | changed API: struct sk_buff: char cb[48] __aligned(8); (no MPTCP variant; shrinks if MPTCP was on)
drivers/net/wireless/cnss/logger/nl_service.c:320	ctx	benign: the CNSS logger's own 'struct logger_context *ctx' (defined logger.h:78); ubuf_info.ctx does not exist here | changed API: struct ubuf_info: inside anonymous union, after `unsigned long desc;` (LAYOUT/ORDER changed, name kept)
drivers/net/wireless/cnss/logger/nl_service.c:323	ctx	benign: the CNSS logger's own 'struct logger_context *ctx' (defined logger.h:78); ubuf_info.ctx does not exist here | changed API: struct ubuf_info: inside anonymous union, after `unsigned long desc;` (LAYOUT/ORDER changed, name kept)
drivers/net/wireless/cnss/logger/nl_service.c:324	ctx	benign: the CNSS logger's own 'struct logger_context *ctx' (defined logger.h:78); ubuf_info.ctx does not exist here | changed API: struct ubuf_info: inside anonymous union, after `unsigned long desc;` (LAYOUT/ORDER changed, name kept)
drivers/net/wireless/cnss/logger/nl_service.c:328	ctx	benign: the CNSS logger's own 'struct logger_context *ctx' (defined logger.h:78); ubuf_info.ctx does not exist here | changed API: struct ubuf_info: inside anonymous union, after `unsigned long desc;` (LAYOUT/ORDER changed, name kept)
drivers/net/wireless/cnss/logger/nl_service.c:332	ctx	benign: the CNSS logger's own 'struct logger_context *ctx' (defined logger.h:78); ubuf_info.ctx does not exist here | changed API: struct ubuf_info: inside anonymous union, after `unsigned long desc;` (LAYOUT/ORDER changed, name kept)
drivers/net/wireless/cnss/logger/nl_service.c:340	ctx	benign: the CNSS logger's own 'struct logger_context *ctx' (defined logger.h:78); ubuf_info.ctx does not exist here | changed API: struct ubuf_info: inside anonymous union, after `unsigned long desc;` (LAYOUT/ORDER changed, name kept)
drivers/net/wireless/cnss/logger/nl_service.c:346	ctx	benign: the CNSS logger's own 'struct logger_context *ctx' (defined logger.h:78); ubuf_info.ctx does not exist here | changed API: struct ubuf_info: inside anonymous union, after `unsigned long desc;` (LAYOUT/ORDER changed, name kept)
drivers/net/wireless/cnss/logger/nl_service.c:350	ctx	benign: the CNSS logger's own 'struct logger_context *ctx' (defined logger.h:78); ubuf_info.ctx does not exist here | changed API: struct ubuf_info: inside anonymous union, after `unsigned long desc;` (LAYOUT/ORDER changed, name kept)
drivers/net/wireless/cnss/logger/nl_service.c:372	ctx	benign: the CNSS logger's own 'struct logger_context *ctx' (defined logger.h:78); ubuf_info.ctx does not exist here | changed API: struct ubuf_info: inside anonymous union, after `unsigned long desc;` (LAYOUT/ORDER changed, name kept)
drivers/net/wireless/cnss/logger/nl_service.c:376	ctx	benign: the CNSS logger's own 'struct logger_context *ctx' (defined logger.h:78); ubuf_info.ctx does not exist here | changed API: struct ubuf_info: inside anonymous union, after `unsigned long desc;` (LAYOUT/ORDER changed, name kept)
drivers/net/wireless/cnss/logger/nl_service.c:377	ctx	benign: the CNSS logger's own 'struct logger_context *ctx' (defined logger.h:78); ubuf_info.ctx does not exist here | changed API: struct ubuf_info: inside anonymous union, after `unsigned long desc;` (LAYOUT/ORDER changed, name kept)
drivers/net/wireless/cnss/logger/nl_service.c:380	ctx	benign: the CNSS logger's own 'struct logger_context *ctx' (defined logger.h:78); ubuf_info.ctx does not exist here | changed API: struct ubuf_info: inside anonymous union, after `unsigned long desc;` (LAYOUT/ORDER changed, name kept)
drivers/net/wireless/cnss/logger/nl_service.c:401	ctx	benign: the CNSS logger's own 'struct logger_context *ctx' (defined logger.h:78); ubuf_info.ctx does not exist here | changed API: struct ubuf_info: inside anonymous union, after `unsigned long desc;` (LAYOUT/ORDER changed, name kept)
drivers/net/wireless/cnss/logger/nl_service.c:403	ctx	benign: the CNSS logger's own 'struct logger_context *ctx' (defined logger.h:78); ubuf_info.ctx does not exist here | changed API: struct ubuf_info: inside anonymous union, after `unsigned long desc;` (LAYOUT/ORDER changed, name kept)
drivers/net/wireless/cnss/logger/nl_service.c:404	ctx	benign: the CNSS logger's own 'struct logger_context *ctx' (defined logger.h:78); ubuf_info.ctx does not exist here | changed API: struct ubuf_info: inside anonymous union, after `unsigned long desc;` (LAYOUT/ORDER changed, name kept)
drivers/net/wireless/cnss/logger/nl_service.c:409	ctx	benign: the CNSS logger's own 'struct logger_context *ctx' (defined logger.h:78); ubuf_info.ctx does not exist here | changed API: struct ubuf_info: inside anonymous union, after `unsigned long desc;` (LAYOUT/ORDER changed, name kept)
drivers/net/wireless/cnss/logger/nl_service.c:423	ctx	benign: the CNSS logger's own 'struct logger_context *ctx' (defined logger.h:78); ubuf_info.ctx does not exist here | changed API: struct ubuf_info: inside anonymous union, after `unsigned long desc;` (LAYOUT/ORDER changed, name kept)
drivers/net/wireless/cnss/logger/nl_service.c:425	ctx	benign: the CNSS logger's own 'struct logger_context *ctx' (defined logger.h:78); ubuf_info.ctx does not exist here | changed API: struct ubuf_info: inside anonymous union, after `unsigned long desc;` (LAYOUT/ORDER changed, name kept)
drivers/net/wireless/cnss/logger/nl_service.c:426	ctx	benign: the CNSS logger's own 'struct logger_context *ctx' (defined logger.h:78); ubuf_info.ctx does not exist here | changed API: struct ubuf_info: inside anonymous union, after `unsigned long desc;` (LAYOUT/ORDER changed, name kept)
drivers/net/wireless/cnss/logger/nl_service.c:431	ctx	benign: the CNSS logger's own 'struct logger_context *ctx' (defined logger.h:78); ubuf_info.ctx does not exist here | changed API: struct ubuf_info: inside anonymous union, after `unsigned long desc;` (LAYOUT/ORDER changed, name kept)
drivers/net/wireless/cnss/logger/nl_service.c:437	ctx	benign: the CNSS logger's own 'struct logger_context *ctx' (defined logger.h:78); ubuf_info.ctx does not exist here | changed API: struct ubuf_info: inside anonymous union, after `unsigned long desc;` (LAYOUT/ORDER changed, name kept)
drivers/net/wireless/cnss/logger/nl_service.c:441	ctx	benign: the CNSS logger's own 'struct logger_context *ctx' (defined logger.h:78); ubuf_info.ctx does not exist here | changed API: struct ubuf_info: inside anonymous union, after `unsigned long desc;` (LAYOUT/ORDER changed, name kept)
drivers/net/wireless/cnss/logger/nl_service.c:448	ctx	benign: the CNSS logger's own 'struct logger_context *ctx' (defined logger.h:78); ubuf_info.ctx does not exist here | changed API: struct ubuf_info: inside anonymous union, after `unsigned long desc;` (LAYOUT/ORDER changed, name kept)
drivers/net/wireless/cnss/logger/nl_service.c:449	ctx	benign: the CNSS logger's own 'struct logger_context *ctx' (defined logger.h:78); ubuf_info.ctx does not exist here | changed API: struct ubuf_info: inside anonymous union, after `unsigned long desc;` (LAYOUT/ORDER changed, name kept)
drivers/net/wireless/cnss/logger/nl_service.c:454	ctx	benign: the CNSS logger's own 'struct logger_context *ctx' (defined logger.h:78); ubuf_info.ctx does not exist here | changed API: struct ubuf_info: inside anonymous union, after `unsigned long desc;` (LAYOUT/ORDER changed, name kept)
drivers/net/wireless/cnss/logger/nl_service.c:461	ctx	benign: the CNSS logger's own 'struct logger_context *ctx' (defined logger.h:78); ubuf_info.ctx does not exist here | changed API: struct ubuf_info: inside anonymous union, after `unsigned long desc;` (LAYOUT/ORDER changed, name kept)
drivers/net/wireless/cnss/logger/nl_service.c:465	ctx	benign: the CNSS logger's own 'struct logger_context *ctx' (defined logger.h:78); ubuf_info.ctx does not exist here | changed API: struct ubuf_info: inside anonymous union, after `unsigned long desc;` (LAYOUT/ORDER changed, name kept)
drivers/net/wireless/cnss/logger/nl_service.c:470	ctx	benign: the CNSS logger's own 'struct logger_context *ctx' (defined logger.h:78); ubuf_info.ctx does not exist here | changed API: struct ubuf_info: inside anonymous union, after `unsigned long desc;` (LAYOUT/ORDER changed, name kept)
drivers/net/wireless/cnss/logger/nl_service.c:471	ctx	benign: the CNSS logger's own 'struct logger_context *ctx' (defined logger.h:78); ubuf_info.ctx does not exist here | changed API: struct ubuf_info: inside anonymous union, after `unsigned long desc;` (LAYOUT/ORDER changed, name kept)
drivers/net/wireless/cnss2/genl.c:90	ops	benign: '.ops = cnss_genl_ops' in a struct genl_ops initializer; not bpf_prog_aux.ops | changed API: struct bpf_prog_aux: const struct bpf_prog_ops *ops; (TYPE changed)
drivers/net/wireless/cnss2/main.c:1240	cb	benign: 'int (*cb)(void *ctx, void *event, int event_len)' signature or the "MHI status cb" log strings; not sk_buff.cb | changed API: struct sk_buff: char cb[48] __aligned(8); (no MPTCP variant; shrinks if MPTCP was on)
drivers/net/wireless/cnss2/main.c:1240	ctx	benign: 'void *ctx' parameter of a logger callback signature (main.c:1240); not ubuf_info.ctx | changed API: struct ubuf_info: inside anonymous union, after `unsigned long desc;` (LAYOUT/ORDER changed, name kept)
drivers/net/wireless/cnss2/pci.c:2137	image	benign: pr_err()/pr_dbg() string about the M3/RDDM firmware image; not bpf_binary_header.image | changed API: struct bpf_binary_header: u8 image[] __aligned(4); (ALIGNMENT changed)
drivers/net/wireless/cnss2/pci.c:2686	image	benign: pr_err()/pr_dbg() string about the M3/RDDM firmware image; not bpf_binary_header.image | changed API: struct bpf_binary_header: u8 image[] __aligned(4); (ALIGNMENT changed)
drivers/net/wireless/cnss2/pci.c:2696	image	benign: pr_err()/pr_dbg() string about the M3/RDDM firmware image; not bpf_binary_header.image | changed API: struct bpf_binary_header: u8 image[] __aligned(4); (ALIGNMENT changed)
drivers/net/wireless/cnss2/pci.c:2712	image	benign: pr_err()/pr_dbg() string about the M3/RDDM firmware image; not bpf_binary_header.image | changed API: struct bpf_binary_header: u8 image[] __aligned(4); (ALIGNMENT changed)
drivers/net/wireless/cnss2/pci.c:2813	cb	benign: 'int (*cb)(void *ctx, void *event, int event_len)' signature or the "MHI status cb" log strings; not sk_buff.cb | changed API: struct sk_buff: char cb[48] __aligned(8); (no MPTCP variant; shrinks if MPTCP was on)
drivers/net/wireless/cnss2/pci.c:2837	cb	benign: 'int (*cb)(void *ctx, void *event, int event_len)' signature or the "MHI status cb" log strings; not sk_buff.cb | changed API: struct sk_buff: char cb[48] __aligned(8); (no MPTCP variant; shrinks if MPTCP was on)
drivers/net/wireless/cnss_genl/cnss_nl.c:45	cb	benign: the 'cld80211_cb cb' member of the driver's own 'struct cld_ops' (cnss_nl.c:44, typedef include/net/cnss_nl.h:84); not sk_buff.cb | changed API: struct sk_buff: char cb[48] __aligned(8); (no MPTCP variant; shrinks if MPTCP was on)
drivers/net/wireless/cnss_genl/cnss_nl.c:73	ops	benign: the netlink 'const struct genl_ops *ops' pre_doit parameter (cnss_nl.c:73); not bpf_prog_aux.ops | changed API: struct bpf_prog_aux: const struct bpf_prog_ops *ops; (TYPE changed)
drivers/net/wireless/cnss_genl/cnss_nl.c:76	ops	benign: the netlink 'const struct genl_ops *ops' pre_doit parameter (cnss_nl.c:73); not bpf_prog_aux.ops | changed API: struct bpf_prog_aux: const struct bpf_prog_ops *ops; (TYPE changed)
drivers/net/wireless/cnss_genl/cnss_nl.c:83	cb	benign: the 'cld80211_cb cb' member of the driver's own 'struct cld_ops' (cnss_nl.c:44, typedef include/net/cnss_nl.h:84); not sk_buff.cb | changed API: struct sk_buff: char cb[48] __aligned(8); (no MPTCP variant; shrinks if MPTCP was on)
drivers/net/wireless/cnss_genl/cnss_nl.c:111	cb	benign: the 'cld80211_cb cb' member of the driver's own 'struct cld_ops' (cnss_nl.c:44, typedef include/net/cnss_nl.h:84); not sk_buff.cb | changed API: struct sk_buff: char cb[48] __aligned(8); (no MPTCP variant; shrinks if MPTCP was on)
drivers/net/wireless/cnss_genl/cnss_nl.c:128	cb	benign: the 'cld80211_cb cb' member of the driver's own 'struct cld_ops' (cnss_nl.c:44, typedef include/net/cnss_nl.h:84); not sk_buff.cb | changed API: struct sk_buff: char cb[48] __aligned(8); (no MPTCP variant; shrinks if MPTCP was on)
drivers/soc/qcom/icnss.c:430	ops	benign: the driver's own priv->ops / penv->ops / 'struct icnss_driver_ops *ops' (include/soc/qcom/icnss.h:39); bpf_prog_aux.ops does not exist here | changed API: struct bpf_prog_aux: const struct bpf_prog_ops *ops; (TYPE changed)
drivers/soc/qcom/icnss.c:797	ctx	benign: 'void *ctx' parameter of an IRQ handler, request_irq() or a qpnp_tm notify callback; ubuf_info.ctx does not exist here | changed API: struct ubuf_info: inside anonymous union, after `unsigned long desc;` (LAYOUT/ORDER changed, name kept)
drivers/soc/qcom/icnss.c:799	ctx	benign: 'void *ctx' parameter of an IRQ handler, request_irq() or a qpnp_tm notify callback; ubuf_info.ctx does not exist here | changed API: struct ubuf_info: inside anonymous union, after `unsigned long desc;` (LAYOUT/ORDER changed, name kept)
drivers/soc/qcom/icnss.c:1253	ctx	benign: 'void *ctx' parameter of an IRQ handler, request_irq() or a qpnp_tm notify callback; ubuf_info.ctx does not exist here | changed API: struct ubuf_info: inside anonymous union, after `unsigned long desc;` (LAYOUT/ORDER changed, name kept)
drivers/soc/qcom/icnss.c:1255	ctx	benign: 'void *ctx' parameter of an IRQ handler, request_irq() or a qpnp_tm notify callback; ubuf_info.ctx does not exist here | changed API: struct ubuf_info: inside anonymous union, after `unsigned long desc;` (LAYOUT/ORDER changed, name kept)
drivers/soc/qcom/icnss.c:1265	ctx	benign: 'void *ctx' parameter of an IRQ handler, request_irq() or a qpnp_tm notify callback; ubuf_info.ctx does not exist here | changed API: struct ubuf_info: inside anonymous union, after `unsigned long desc;` (LAYOUT/ORDER changed, name kept)
drivers/soc/qcom/icnss.c:1267	ctx	benign: 'void *ctx' parameter of an IRQ handler, request_irq() or a qpnp_tm notify callback; ubuf_info.ctx does not exist here | changed API: struct ubuf_info: inside anonymous union, after `unsigned long desc;` (LAYOUT/ORDER changed, name kept)
drivers/soc/qcom/icnss.c:2128	ops	benign: the driver's own priv->ops / penv->ops / 'struct icnss_driver_ops *ops' (include/soc/qcom/icnss.h:39); bpf_prog_aux.ops does not exist here | changed API: struct bpf_prog_aux: const struct bpf_prog_ops *ops; (TYPE changed)
drivers/soc/qcom/icnss.c:2137	ops	benign: the driver's own priv->ops / penv->ops / 'struct icnss_driver_ops *ops' (include/soc/qcom/icnss.h:39); bpf_prog_aux.ops does not exist here | changed API: struct bpf_prog_aux: const struct bpf_prog_ops *ops; (TYPE changed)
drivers/soc/qcom/icnss.c:2318	ops	benign: the driver's own priv->ops / penv->ops / 'struct icnss_driver_ops *ops' (include/soc/qcom/icnss.h:39); bpf_prog_aux.ops does not exist here | changed API: struct bpf_prog_aux: const struct bpf_prog_ops *ops; (TYPE changed)
drivers/soc/qcom/icnss.c:2330	ops	benign: the driver's own priv->ops / penv->ops / 'struct icnss_driver_ops *ops' (include/soc/qcom/icnss.h:39); bpf_prog_aux.ops does not exist here | changed API: struct bpf_prog_aux: const struct bpf_prog_ops *ops; (TYPE changed)
drivers/soc/qcom/icnss.c:2358	ops	benign: the driver's own priv->ops / penv->ops / 'struct icnss_driver_ops *ops' (include/soc/qcom/icnss.h:39); bpf_prog_aux.ops does not exist here | changed API: struct bpf_prog_aux: const struct bpf_prog_ops *ops; (TYPE changed)
drivers/soc/qcom/icnss.c:2366	ops	benign: the driver's own priv->ops / penv->ops / 'struct icnss_driver_ops *ops' (include/soc/qcom/icnss.h:39); bpf_prog_aux.ops does not exist here | changed API: struct bpf_prog_aux: const struct bpf_prog_ops *ops; (TYPE changed)
drivers/soc/qcom/icnss.c:2388	ops	benign: the driver's own priv->ops / penv->ops / 'struct icnss_driver_ops *ops' (include/soc/qcom/icnss.h:39); bpf_prog_aux.ops does not exist here | changed API: struct bpf_prog_aux: const struct bpf_prog_ops *ops; (TYPE changed)
drivers/soc/qcom/icnss.c:2404	ops	benign: the driver's own priv->ops / penv->ops / 'struct icnss_driver_ops *ops' (include/soc/qcom/icnss.h:39); bpf_prog_aux.ops does not exist here | changed API: struct bpf_prog_aux: const struct bpf_prog_ops *ops; (TYPE changed)
drivers/soc/qcom/icnss.c:2487	ops	benign: the driver's own priv->ops / penv->ops / 'struct icnss_driver_ops *ops' (include/soc/qcom/icnss.h:39); bpf_prog_aux.ops does not exist here | changed API: struct bpf_prog_aux: const struct bpf_prog_ops *ops; (TYPE changed)
drivers/soc/qcom/icnss.c:2493	ops	benign: the driver's own priv->ops / penv->ops / 'struct icnss_driver_ops *ops' (include/soc/qcom/icnss.h:39); bpf_prog_aux.ops does not exist here | changed API: struct bpf_prog_aux: const struct bpf_prog_ops *ops; (TYPE changed)
drivers/soc/qcom/icnss.c:2570	ops	benign: the driver's own priv->ops / penv->ops / 'struct icnss_driver_ops *ops' (include/soc/qcom/icnss.h:39); bpf_prog_aux.ops does not exist here | changed API: struct bpf_prog_aux: const struct bpf_prog_ops *ops; (TYPE changed)
drivers/soc/qcom/icnss.c:2573	ops	benign: the driver's own priv->ops / penv->ops / 'struct icnss_driver_ops *ops' (include/soc/qcom/icnss.h:39); bpf_prog_aux.ops does not exist here | changed API: struct bpf_prog_aux: const struct bpf_prog_ops *ops; (TYPE changed)
drivers/soc/qcom/icnss.c:2596	ops	benign: the driver's own priv->ops / penv->ops / 'struct icnss_driver_ops *ops' (include/soc/qcom/icnss.h:39); bpf_prog_aux.ops does not exist here | changed API: struct bpf_prog_aux: const struct bpf_prog_ops *ops; (TYPE changed)
drivers/soc/qcom/icnss.c:2621	ops	benign: the driver's own priv->ops / penv->ops / 'struct icnss_driver_ops *ops' (include/soc/qcom/icnss.h:39); bpf_prog_aux.ops does not exist here | changed API: struct bpf_prog_aux: const struct bpf_prog_ops *ops; (TYPE changed)
drivers/soc/qcom/icnss.c:2629	ops	benign: the driver's own priv->ops / penv->ops / 'struct icnss_driver_ops *ops' (include/soc/qcom/icnss.h:39); bpf_prog_aux.ops does not exist here | changed API: struct bpf_prog_aux: const struct bpf_prog_ops *ops; (TYPE changed)
drivers/soc/qcom/icnss.c:2630	ops	benign: the driver's own priv->ops / penv->ops / 'struct icnss_driver_ops *ops' (include/soc/qcom/icnss.h:39); bpf_prog_aux.ops does not exist here | changed API: struct bpf_prog_aux: const struct bpf_prog_ops *ops; (TYPE changed)
drivers/soc/qcom/icnss.c:2637	ops	benign: the driver's own priv->ops / penv->ops / 'struct icnss_driver_ops *ops' (include/soc/qcom/icnss.h:39); bpf_prog_aux.ops does not exist here | changed API: struct bpf_prog_aux: const struct bpf_prog_ops *ops; (TYPE changed)
drivers/soc/qcom/icnss.c:2732	ops	benign: the driver's own priv->ops / penv->ops / 'struct icnss_driver_ops *ops' (include/soc/qcom/icnss.h:39); bpf_prog_aux.ops does not exist here | changed API: struct bpf_prog_aux: const struct bpf_prog_ops *ops; (TYPE changed)
drivers/soc/qcom/icnss.c:2744	ops	benign: the driver's own priv->ops / penv->ops / 'struct icnss_driver_ops *ops' (include/soc/qcom/icnss.h:39); bpf_prog_aux.ops does not exist here | changed API: struct bpf_prog_aux: const struct bpf_prog_ops *ops; (TYPE changed)
drivers/soc/qcom/icnss.c:2755	ops	benign: the driver's own priv->ops / penv->ops / 'struct icnss_driver_ops *ops' (include/soc/qcom/icnss.h:39); bpf_prog_aux.ops does not exist here | changed API: struct bpf_prog_aux: const struct bpf_prog_ops *ops; (TYPE changed)
drivers/soc/qcom/icnss.c:2767	ops	benign: the driver's own priv->ops / penv->ops / 'struct icnss_driver_ops *ops' (include/soc/qcom/icnss.h:39); bpf_prog_aux.ops does not exist here | changed API: struct bpf_prog_aux: const struct bpf_prog_ops *ops; (TYPE changed)
drivers/soc/qcom/icnss.c:3255	ops	benign: the driver's own priv->ops / penv->ops / 'struct icnss_driver_ops *ops' (include/soc/qcom/icnss.h:39); bpf_prog_aux.ops does not exist here | changed API: struct bpf_prog_aux: const struct bpf_prog_ops *ops; (TYPE changed)
drivers/soc/qcom/icnss.c:3267	ops	benign: the driver's own priv->ops / penv->ops / 'struct icnss_driver_ops *ops' (include/soc/qcom/icnss.h:39); bpf_prog_aux.ops does not exist here | changed API: struct bpf_prog_aux: const struct bpf_prog_ops *ops; (TYPE changed)
drivers/soc/qcom/icnss.c:3273	ops	benign: the driver's own priv->ops / penv->ops / 'struct icnss_driver_ops *ops' (include/soc/qcom/icnss.h:39); bpf_prog_aux.ops does not exist here | changed API: struct bpf_prog_aux: const struct bpf_prog_ops *ops; (TYPE changed)
drivers/soc/qcom/icnss.c:3279	ops	benign: the driver's own priv->ops / penv->ops / 'struct icnss_driver_ops *ops' (include/soc/qcom/icnss.h:39); bpf_prog_aux.ops does not exist here | changed API: struct bpf_prog_aux: const struct bpf_prog_ops *ops; (TYPE changed)
drivers/soc/qcom/icnss.c:3289	ops	benign: the driver's own priv->ops / penv->ops / 'struct icnss_driver_ops *ops' (include/soc/qcom/icnss.h:39); bpf_prog_aux.ops does not exist here | changed API: struct bpf_prog_aux: const struct bpf_prog_ops *ops; (TYPE changed)
drivers/soc/qcom/icnss.c:3300	ops	benign: the driver's own priv->ops / penv->ops / 'struct icnss_driver_ops *ops' (include/soc/qcom/icnss.h:39); bpf_prog_aux.ops does not exist here | changed API: struct bpf_prog_aux: const struct bpf_prog_ops *ops; (TYPE changed)
drivers/soc/qcom/icnss.c:3315	ctx	benign: 'void *ctx' parameter of an IRQ handler, request_irq() or a qpnp_tm notify callback; ubuf_info.ctx does not exist here | changed API: struct ubuf_info: inside anonymous union, after `unsigned long desc;` (LAYOUT/ORDER changed, name kept)
drivers/soc/qcom/icnss.c:3343	ctx	benign: 'void *ctx' parameter of an IRQ handler, request_irq() or a qpnp_tm notify callback; ubuf_info.ctx does not exist here | changed API: struct ubuf_info: inside anonymous union, after `unsigned long desc;` (LAYOUT/ORDER changed, name kept)
drivers/soc/qcom/icnss.c:3360	ctx	benign: 'void *ctx' parameter of an IRQ handler, request_irq() or a qpnp_tm notify callback; ubuf_info.ctx does not exist here | changed API: struct ubuf_info: inside anonymous union, after `unsigned long desc;` (LAYOUT/ORDER changed, name kept)
drivers/soc/qcom/icnss.c:3386	ctx	benign: 'void *ctx' parameter of an IRQ handler, request_irq() or a qpnp_tm notify callback; ubuf_info.ctx does not exist here | changed API: struct ubuf_info: inside anonymous union, after `unsigned long desc;` (LAYOUT/ORDER changed, name kept)
drivers/soc/qcom/icnss.c:5338	ops	benign: the driver's own priv->ops / penv->ops / 'struct icnss_driver_ops *ops' (include/soc/qcom/icnss.h:39); bpf_prog_aux.ops does not exist here | changed API: struct bpf_prog_aux: const struct bpf_prog_ops *ops; (TYPE changed)
drivers/soc/qcom/icnss.c:5342	ops	benign: the driver's own priv->ops / penv->ops / 'struct icnss_driver_ops *ops' (include/soc/qcom/icnss.h:39); bpf_prog_aux.ops does not exist here | changed API: struct bpf_prog_aux: const struct bpf_prog_ops *ops; (TYPE changed)
drivers/soc/qcom/icnss.c:5367	ops	benign: the driver's own priv->ops / penv->ops / 'struct icnss_driver_ops *ops' (include/soc/qcom/icnss.h:39); bpf_prog_aux.ops does not exist here | changed API: struct bpf_prog_aux: const struct bpf_prog_ops *ops; (TYPE changed)
drivers/soc/qcom/icnss.c:5371	ops	benign: the driver's own priv->ops / penv->ops / 'struct icnss_driver_ops *ops' (include/soc/qcom/icnss.h:39); bpf_prog_aux.ops does not exist here | changed API: struct bpf_prog_aux: const struct bpf_prog_ops *ops; (TYPE changed)
drivers/soc/qcom/icnss.c:5396	ops	benign: the driver's own priv->ops / penv->ops / 'struct icnss_driver_ops *ops' (include/soc/qcom/icnss.h:39); bpf_prog_aux.ops does not exist here | changed API: struct bpf_prog_aux: const struct bpf_prog_ops *ops; (TYPE changed)
drivers/soc/qcom/icnss.c:5400	ops	benign: the driver's own priv->ops / penv->ops / 'struct icnss_driver_ops *ops' (include/soc/qcom/icnss.h:39); bpf_prog_aux.ops does not exist here | changed API: struct bpf_prog_aux: const struct bpf_prog_ops *ops; (TYPE changed)
drivers/soc/qcom/icnss.c:5425	ops	benign: the driver's own priv->ops / penv->ops / 'struct icnss_driver_ops *ops' (include/soc/qcom/icnss.h:39); bpf_prog_aux.ops does not exist here | changed API: struct bpf_prog_aux: const struct bpf_prog_ops *ops; (TYPE changed)
drivers/soc/qcom/icnss.c:5429	ops	benign: the driver's own priv->ops / penv->ops / 'struct icnss_driver_ops *ops' (include/soc/qcom/icnss.h:39); bpf_prog_aux.ops does not exist here | changed API: struct bpf_prog_aux: const struct bpf_prog_ops *ops; (TYPE changed)
include/soc/qcom/icnss.h:111	ops	benign: the driver's own priv->ops / penv->ops / 'struct icnss_driver_ops *ops' (include/soc/qcom/icnss.h:39); bpf_prog_aux.ops does not exist here | changed API: struct bpf_prog_aux: const struct bpf_prog_ops *ops; (TYPE changed)
include/soc/qcom/icnss.h:112	ops	benign: the driver's own priv->ops / penv->ops / 'struct icnss_driver_ops *ops' (include/soc/qcom/icnss.h:39); bpf_prog_aux.ops does not exist here | changed API: struct bpf_prog_aux: const struct bpf_prog_ops *ops; (TYPE changed)
include/soc/qcom/icnss.h:113	ops	benign: the driver's own priv->ops / penv->ops / 'struct icnss_driver_ops *ops' (include/soc/qcom/icnss.h:39); bpf_prog_aux.ops does not exist here | changed API: struct bpf_prog_aux: const struct bpf_prog_ops *ops; (TYPE changed)
include/soc/qcom/icnss.h:116	ops	benign: the driver's own priv->ops / penv->ops / 'struct icnss_driver_ops *ops' (include/soc/qcom/icnss.h:39); bpf_prog_aux.ops does not exist here | changed API: struct bpf_prog_aux: const struct bpf_prog_ops *ops; (TYPE changed)
include/soc/qcom/icnss.h:126	ctx	benign: 'void *ctx' parameter of an IRQ handler, request_irq() or a qpnp_tm notify callback; ubuf_info.ctx does not exist here | changed API: struct ubuf_info: inside anonymous union, after `unsigned long desc;` (LAYOUT/ORDER changed, name kept)
include/soc/qcom/icnss.h:129	ctx	benign: 'void *ctx' parameter of an IRQ handler, request_irq() or a qpnp_tm notify callback; ubuf_info.ctx does not exist here | changed API: struct ubuf_info: inside anonymous union, after `unsigned long desc;` (LAYOUT/ORDER changed, name kept)
drivers/soc/qcom/wcnss/wcnss_wlan.c:1966	ctx	benign: 'void *ctx' parameter of the wcnss_notify_vbat() qpnp_tm callback; not ubuf_info.ctx | BONUS sweep, OUTSIDE K5e's assigned area: drivers/soc/qcom/wcnss/ is gated on CONFIG_WCNSS_CORE, which is not set in any of the 4 defconfigs | changed API: struct ubuf_info: inside anonymous union, after `unsigned long desc;` (LAYOUT/ORDER changed, name kept)
